id,first_name,last_name,email,gender,ip_address
1,Dagmar,Fortnon,dfortnon0@theglobeandmail.com,Female,247.251.222.16
2,Kyle,Surridge,ksurridge1@shinystat.com,Female,234.33.225.78
3,Colin,Ballentime,cballentime2@unc.edu,Male,12.106.105.97
4,Auroora,Archibold,aarchibold3@google.fr,Female,247.45.28.173
5,Rivalee,Yanshin,ryanshin4@apache.org,Female,129.111.171.34
6,Martyn,Acheson,macheson5@last.fm,Polygender,177.194.248.63
7,Marthe,Hurdwell,mhurdwell6@etsy.com,Female,190.147.248.57
8,Dickie,Froome,dfroome7@360.cn,Male,16.111.200.10
9,Iorgo,Sterricks,isterricks8@admin.ch,Male,2.30.0.68
10,Georgeta,Hayford,ghayford9@hexun.com,Female,73.165.19.4
11,Basilio,Doe,bdoea@house.gov,Male,180.197.104.77
12,Galven,Been,gbeenb@diigo.com,Male,198.144.51.30
13,Franzen,Ogilby,fogilbyc@deliciousdays.com,Male,221.78.31.161
14,Lola,Twomey,ltwomeyd@salon.com,Female,232.131.81.244
15,Sibyl,Drance,sdrancee@csmonitor.com,Male,128.246.205.250
16,Ethelin,Stuehmeyer,estuehmeyerf@nature.com,Female,183.209.188.233
17,Avril,Noyes,anoyesg@plala.or.jp,Female,189.149.88.167
18,Caryn,Vidgen,cvidgenh@chicagotribune.com,Female,166.25.210.160
19,Mitchel,Sedgefield,msedgefieldi@google.fr,Male,113.2.9.220
20,Bartie,Whewell,bwhewellj@tamu.edu,Male,247.93.176.18
21,Yank,Llewelyn,yllewelynk@google.co.jp,Male,10.74.42.192
22,Gisela,Tindley,gtindleyl@ucsd.edu,Female,6.130.203.7
23,Sayer,Conquer,sconquerm@ocn.ne.jp,Male,19.37.92.68
24,Cirstoforo,Tett,ctettn@springer.com,Male,157.194.74.173
25,Louise,Breakspear,lbreakspearo@godaddy.com,Female,87.191.185.175
26,Roley,Johansson,rjohanssonp@moonfruit.com,Male,83.39.246.92
27,Roderigo,Citrine,rcitrineq@cdbaby.com,Male,82.45.59.151
28,Raye,Fillgate,rfillgater@canalblog.com,Female,45.153.222.81
29,Susanetta,Wimlet,swimlets@reference.com,Female,18.194.237.32
30,Saxon,Domingues,sdominguest@ezinearticles.com,Male,156.243.171.254
31,Nolan,Dafforne,ndafforneu@accuweather.com,Male,143.238.33.125
32,Verge,Skym,vskymv@tumblr.com,Male,193.205.147.61
33,Moreen,Kingcott,mkingcottw@meetup.com,Female,32.195.153.37
34,Lesly,Emes,lemesx@gizmodo.com,Female,41.99.52.199
35,Ezri,Bairstow,ebairstowy@zimbio.com,Male,255.193.114.89
36,Flori,Fetherston,ffetherstonz@goo.gl,Female,124.131.217.107
37,Vicki,Norres,vnorres10@archive.org,Female,89.137.179.128
38,Akim,Kiehne,akiehne11@elegantthemes.com,Male,12.184.229.171
39,Ailyn,Wybron,awybron12@mayoclinic.com,Female,205.90.146.30
40,Rhoda,Wolvey,rwolvey13@istockphoto.com,Female,153.126.182.3
41,Ossie,Allman,oallman14@dmoz.org,Male,166.26.206.175
42,Candis,Bowgen,cbowgen15@arstechnica.com,Female,143.104.242.25
43,Bernardo,Robak,brobak16@opensource.org,Male,190.4.200.252
44,Christy,Eddies,ceddies17@alibaba.com,Male,121.247.127.163
45,Eddy,Kaminski,ekaminski18@goodreads.com,Male,122.76.228.142
46,Dalila,Clackson,dclackson19@goo.gl,Female,220.139.154.243
47,Burlie,Walkling,bwalkling1a@hud.gov,Male,16.56.119.238
48,Bartholomeo,Castanone,bcastanone1b@virginia.edu,Male,231.129.185.87
49,Sutton,Utton,sutton1c@bandcamp.com,Male,76.108.34.181
50,Eben,Goad,egoad1d@comsenz.com,Male,252.37.68.135
51,Currey,Lacer,clacer1e@last.fm,Male,198.9.156.247
52,Cullin,Pollicott,cpollicott1f@ustream.tv,Bigender,219.144.102.187
53,Guillemette,Weaver,gweaver1g@goodreads.com,Female,67.64.161.170
54,Bennie,Piquard,bpiquard1h@usda.gov,Female,141.102.73.125
55,Jeana,Blowes,jblowes1i@microsoft.com,Female,137.61.26.179
56,Jehu,Burtwell,jburtwell1j@unc.edu,Male,102.40.11.213
57,Rickie,Crowne,rcrowne1k@ehow.com,Male,37.125.171.132
58,Cass,Denes,cdenes1l@tmall.com,Female,124.232.145.164
59,Meyer,Birrell,mbirrell1m@pbs.org,Non-binary,88.127.82.159
60,Maryl,Bigrigg,mbigrigg1n@amazon.co.jp,Female,82.143.54.20
61,Rickard,Dunkerley,rdunkerley1o@weebly.com,Male,25.90.86.211
62,Lorilyn,Ainley,lainley1p@wired.com,Female,146.136.206.84
63,Ralina,Spridgeon,rspridgeon1q@berkeley.edu,Female,189.1.55.33
64,Alix,Berthomier,aberthomier1r@apache.org,Male,122.216.60.215
65,Stormy,Stockwell,sstockwell1s@bloglovin.com,Female,7.7.38.29
66,Salem,Brundle,sbrundle1t@ihg.com,Male,55.103.218.91
67,Fleming,Mack,fmack1u@ed.gov,Male,91.44.35.14
68,Nanny,Dyzart,ndyzart1v@newsvine.com,Female,14.68.217.69
69,Verne,Steven,vsteven1w@opera.com,Male,186.43.90.83
70,Malina,Buzzing,mbuzzing1x@engadget.com,Female,5.115.38.66
71,Bertie,Adiscot,badiscot1y@ow.ly,Male,188.17.51.197
72,Kellia,Bawle,kbawle1z@intel.com,Female,121.245.221.6
73,Crin,Collymore,ccollymore20@biblegateway.com,Female,222.42.46.207
74,Yoko,Hensmans,yhensmans21@mozilla.com,Female,255.101.0.67
75,Harmonia,Garber,hgarber22@japanpost.jp,Female,80.201.44.50
76,Geno,Tidmas,gtidmas23@webs.com,Non-binary,224.95.195.170
77,Bronnie,Frisby,bfrisby24@people.com.cn,Male,253.49.186.104
78,Tracey,Strangward,tstrangward25@photobucket.com,Male,154.153.220.147
79,Margaret,Pennings,mpennings26@wisc.edu,Female,213.23.208.119
80,Torre,Aslett,taslett27@digg.com,Male,129.159.135.166
81,Pierre,Clilverd,pclilverd28@blogger.com,Male,171.97.167.39
82,Pinchas,Dexter,pdexter29@princeton.edu,Male,67.178.66.61
83,Garrek,Rawles,grawles2a@1und1.de,Male,119.0.179.238
84,Drusilla,Brigge,dbrigge2b@shareasale.com,Female,150.254.118.191
85,Nike,Dobsons,ndobsons2c@state.tx.us,Female,183.112.90.172
86,Paige,Bucknall,pbucknall2d@yale.edu,Genderfluid,185.135.236.6
87,Jone,Brabbs,jbrabbs2e@boston.com,Male,104.250.65.129
88,Elane,Quilligan,equilligan2f@marriott.com,Female,210.194.62.52
89,Cahra,Cunney,ccunney2g@slate.com,Female,155.218.165.157
90,Mae,Guarin,mguarin2h@cbslocal.com,Female,206.31.219.181
91,Gavan,McLoney,gmcloney2i@xing.com,Male,113.58.79.48
92,Sofie,Leyson,sleyson2j@zdnet.com,Female,219.41.93.152
93,Craggy,Bangiard,cbangiard2k@multiply.com,Male,230.222.172.161
94,Nessa,Humes,nhumes2l@blogger.com,Non-binary,105.66.168.131
95,Guss,Beckerleg,gbeckerleg2m@google.de,Male,0.17.205.164
96,Linn,Garbert,lgarbert2n@51.la,Female,149.101.160.186
97,Grier,Ellwell,gellwell2o@merriam-webster.com,Female,198.130.73.133
98,Myrtice,Backhouse,mbackhouse2p@odnoklassniki.ru,Female,83.145.95.75
99,Chev,Lonsbrough,clonsbrough2q@1und1.de,Male,82.0.51.168
100,Saraann,Ames,sames2r@twitter.com,Female,178.247.38.46
101,Emily,Slany,eslany2s@toplist.cz,Female,210.201.70.175
102,Vivie,Chazier,vchazier2t@google.nl,Female,98.210.190.163
103,Cosme,Cowill,ccowill2u@plala.or.jp,Male,20.216.8.177
104,Tessa,Schukert,tschukert2v@yellowpages.com,Female,94.74.159.54
105,Jeremie,Lourenco,jlourenco2w@disqus.com,Male,187.26.198.193
106,Florance,Musslewhite,fmusslewhite2x@paypal.com,Genderqueer,110.162.223.102
107,Audra,Theuff,atheuff2y@rakuten.co.jp,Female,60.254.135.138
108,Hamnet,Lammie,hlammie2z@usa.gov,Male,197.55.235.143
109,Melvin,MacColgan,mmaccolgan30@yandex.ru,Non-binary,170.162.5.156
110,Taber,McQuilliam,tmcquilliam31@acquirethisname.com,Male,77.153.106.169
111,Hillery,Greggor,hgreggor32@arstechnica.com,Male,139.103.150.107
112,Gareth,Placide,gplacide33@usgs.gov,Agender,93.204.58.82
113,Yoshi,Attwell,yattwell34@rakuten.co.jp,Female,52.78.244.222
114,Guthrey,Chatelot,gchatelot35@fda.gov,Male,179.90.141.14
115,Angele,Mitie,amitie36@cdbaby.com,Female,145.117.225.73
116,Jaymie,Dwire,jdwire37@prweb.com,Male,2.20.64.207
117,Gretel,Tregenna,gtregenna38@foxnews.com,Female,31.41.116.7
118,Vilhelmina,Hedge,vhedge39@yahoo.co.jp,Female,159.126.164.241
119,Robbi,Corgenvin,rcorgenvin3a@posterous.com,Non-binary,254.35.114.238
120,Michaella,Trainor,mtrainor3b@cdbaby.com,Female,164.189.148.84
121,Inger,Laffin,ilaffin3c@topsy.com,Male,10.135.192.205
122,Stanislaw,Autie,sautie3d@google.fr,Male,72.83.170.109
123,Ertha,Harly,eharly3e@nyu.edu,Agender,169.38.119.82
124,Ferdy,Oldrey,foldrey3f@etsy.com,Male,77.31.15.171
125,Durward,Baptiste,dbaptiste3g@sakura.ne.jp,Male,89.0.66.91
126,Rosalind,Cockell,rcockell3h@nsw.gov.au,Female,157.74.221.241
127,Lucho,Piquard,lpiquard3i@eepurl.com,Polygender,12.224.80.103
128,Arnaldo,Banbrigge,abanbrigge3j@hp.com,Male,77.177.33.226
129,Walt,Grason,wgrason3k@alibaba.com,Male,125.190.135.56
130,Sandy,Spooner,sspooner3l@google.pl,Male,212.14.60.31
131,Tybalt,Lowton,tlowton3m@xrea.com,Male,66.106.246.62
132,Sid,Anthon,santhon3n@meetup.com,Genderfluid,53.229.220.180
133,Kincaid,Pavett,kpavett3o@goo.gl,Male,226.138.193.228
134,Tammara,Milkeham,tmilkeham3p@hao123.com,Female,174.88.230.250
135,Skip,Featenby,sfeatenby3q@tinypic.com,Male,9.154.58.94
136,Janessa,Bickerstaffe,jbickerstaffe3r@marriott.com,Non-binary,56.39.111.100
137,Robbyn,Longfield,rlongfield3s@craigslist.org,Female,239.166.106.72
138,Ben,Dymick,bdymick3t@odnoklassniki.ru,Bigender,71.116.32.233
139,Minny,Anglin,manglin3u@dmoz.org,Female,204.182.101.89
140,Phineas,Ledes,pledes3v@msn.com,Male,206.161.41.83
141,Georgine,Oatley,goatley3w@va.gov,Female,17.195.210.247
142,Darsey,Milmore,dmilmore3x@cbsnews.com,Female,210.71.212.162
143,Jabez,Roomes,jroomes3y@tripod.com,Male,64.12.176.223
144,Alric,Durno,adurno3z@accuweather.com,Male,89.37.59.174
145,Dermot,Phorsby,dphorsby40@wsj.com,Male,204.217.93.140
146,Zabrina,Tunkin,ztunkin41@ocn.ne.jp,Female,251.192.98.25
147,Eduard,Grinyakin,egrinyakin42@tuttocitta.it,Male,252.25.163.15
148,Benji,Digg,bdigg43@statcounter.com,Male,212.113.77.167
149,Llywellyn,Pike,lpike44@bizjournals.com,Polygender,31.191.123.55
150,Sigismondo,Gisborne,sgisborne45@people.com.cn,Male,140.85.189.147
151,Dominique,Lessmare,dlessmare46@acquirethisname.com,Male,129.192.198.65
152,Clemmie,Andren,candren47@hao123.com,Female,11.114.245.104
153,Lark,Gligori,lgligori48@smh.com.au,Female,195.44.246.184
154,Inglis,Galway,igalway49@de.vu,Male,116.92.196.235
155,Adriano,Sivewright,asivewright4a@wikipedia.org,Male,7.126.158.74
156,Jervis,Gale,jgale4b@toplist.cz,Male,89.54.79.253
157,Adolph,Gayton,agayton4c@blog.com,Male,114.71.38.186
158,Candida,Della,cdella4d@360.cn,Female,10.19.21.77
159,Emilia,Marousek,emarousek4e@purevolume.com,Female,67.76.34.189
160,Kristyn,Plinck,kplinck4f@ow.ly,Female,236.254.7.243
161,Rhiamon,Eplett,replett4g@tumblr.com,Female,130.196.146.1
162,Illa,Volcker,ivolcker4h@webeden.co.uk,Female,25.52.4.176
163,Lucienne,Dominiak,ldominiak4i@gov.uk,Female,174.221.163.68
164,Nathaniel,Mayward,nmayward4j@bing.com,Male,102.109.197.136
165,Ozzy,Hefferon,ohefferon4k@blogger.com,Male,56.0.242.146
166,Desirae,Heam,dheam4l@gov.uk,Female,175.135.156.59
167,Nevsa,Wollers,nwollers4m@who.int,Agender,41.110.213.81
168,Irita,Board,iboard4n@bravesites.com,Female,38.17.96.142
169,Balduin,Kingswell,bkingswell4o@google.com.br,Male,141.104.100.70
170,Gallard,Mott,gmott4p@mtv.com,Male,72.6.221.147
171,Tracie,Denmead,tdenmead4q@discovery.com,Female,99.6.25.239
172,Lyndy,Fellis,lfellis4r@prlog.org,Female,40.184.191.75
173,Benji,Lockery,blockery4s@networksolutions.com,Male,106.235.121.91
174,Ronda,McAteer,rmcateer4t@storify.com,Female,217.17.236.180
175,Jo,Bickmore,jbickmore4u@tinypic.com,Male,104.26.102.28
176,Marissa,Oguz,moguz4v@go.com,Female,129.224.111.242
177,Maje,Bucknell,mbucknell4w@blog.com,Male,37.141.47.254
178,Davy,Joynes,djoynes4x@adobe.com,Male,93.58.0.80
179,Fredelia,Absalom,fabsalom4y@arizona.edu,Female,180.51.112.196
180,Ludovico,Efford,lefford4z@deliciousdays.com,Male,180.215.154.155
181,Brannon,Witling,bwitling50@netvibes.com,Male,50.147.109.254
182,Jojo,Fursse,jfursse51@about.me,Female,39.182.17.245
183,Gareth,Tansey,gtansey52@deviantart.com,Male,99.142.156.72
184,Aurea,Cleminson,acleminson53@blogs.com,Female,91.104.249.133
185,Alisha,Grimmolby,agrimmolby54@npr.org,Female,70.188.87.229
186,Reynard,De Roberto,rderoberto55@cocolog-nifty.com,Male,118.68.14.129
187,Merrie,Hounsham,mhounsham56@meetup.com,Female,82.127.15.89
188,Corry,De Bell,cdebell57@cbslocal.com,Female,205.158.181.58
189,Paddy,Pepineaux,ppepineaux58@dell.com,Genderqueer,189.14.246.183
190,Paige,Ikins,pikins59@nymag.com,Male,35.228.231.116
191,Merrielle,Tixier,mtixier5a@aol.com,Female,57.131.52.32
192,Stanislaus,Melluish,smelluish5b@yahoo.com,Male,221.178.246.217
193,Rorke,Paolone,rpaolone5c@slate.com,Male,33.137.34.217
194,Des,Boule,dboule5d@ed.gov,Male,83.150.120.246
195,Dunn,Idel,didel5e@hostgator.com,Male,17.33.96.45
196,Molli,Thebeau,mthebeau5f@abc.net.au,Female,246.171.145.101
197,Elnar,Giorgietto,egiorgietto5g@japanpost.jp,Male,106.135.255.238
198,Carlie,Nijssen,cnijssen5h@desdev.cn,Male,110.72.195.178
199,Anselma,Haggarty,ahaggarty5i@oracle.com,Bigender,173.41.112.189
200,Pansy,Palfreyman,ppalfreyman5j@abc.net.au,Female,19.111.24.254
201,Peg,Reddish,preddish5k@instagram.com,Polygender,20.215.96.15
202,Corny,Chateau,cchateau5l@blogspot.com,Female,183.191.128.5
203,Marika,Hagard,mhagard5m@who.int,Female,47.198.146.45
204,Kendall,Gwin,kgwin5n@arizona.edu,Male,62.61.236.132
205,Adda,Trim,atrim5o@biglobe.ne.jp,Female,135.54.206.66
206,Duffie,Weall,dweall5p@surveymonkey.com,Male,87.32.117.29
207,Moise,Hensmans,mhensmans5q@marketwatch.com,Male,108.11.228.22
208,Sherill,Whartonby,swhartonby5r@patch.com,Female,58.97.216.20
209,Sansone,Lonergan,slonergan5s@macromedia.com,Male,18.173.246.38
210,Osborn,Twyford,otwyford5t@cornell.edu,Male,178.220.150.133
211,Percy,Wardhough,pwardhough5u@adobe.com,Male,197.181.32.192
212,Reynold,Claypoole,rclaypoole5v@cbsnews.com,Male,236.190.204.170
213,Felicity,Bresman,fbresman5w@dedecms.com,Bigender,39.233.115.39
214,Violetta,Eckh,veckh5x@ask.com,Female,132.101.168.194
215,Lay,Middler,lmiddler5y@foxnews.com,Non-binary,23.246.234.85
216,Maddie,Lapere,mlapere5z@dailymotion.com,Male,75.220.213.235
217,Tamiko,Letertre,tletertre60@economist.com,Female,233.96.30.40
218,Shandra,Pill,spill61@google.nl,Female,165.255.63.109
219,Trevor,Brampton,tbrampton62@163.com,Male,50.240.74.74
220,Patten,Lenden,plenden63@artisteer.com,Male,53.143.130.126
221,Carmelle,Sommerton,csommerton64@sfgate.com,Female,159.171.157.121
222,Hagen,Killford,hkillford65@utexas.edu,Polygender,159.207.76.113
223,Gloriane,Beamond,gbeamond66@hao123.com,Female,67.192.93.251
224,Claude,Madgin,cmadgin67@latimes.com,Female,210.145.73.100
225,Urban,Gowing,ugowing68@census.gov,Male,20.139.202.253
226,Justinian,Iapico,jiapico69@tinypic.com,Non-binary,87.65.55.86
227,Hasheem,Evelyn,hevelyn6a@microsoft.com,Male,99.107.221.210
228,Herold,Addy,haddy6b@ovh.net,Male,195.211.20.42
229,Harald,Dumini,hdumini6c@stanford.edu,Male,119.29.218.244
230,May,Kneeland,mkneeland6d@merriam-webster.com,Female,214.182.9.101
231,Brantley,Lansdale,blansdale6e@howstuffworks.com,Male,226.9.46.155
232,Ambrose,Josef,ajosef6f@uol.com.br,Male,130.117.123.19
233,Lorry,Nawton,lnawton6g@yale.edu,Female,151.91.61.106
234,Salvador,Anstie,sanstie6h@tinyurl.com,Male,109.241.169.110
235,Alexandre,Burchill,aburchill6i@ucsd.edu,Male,104.17.34.217
236,Peta,Jestico,pjestico6j@reference.com,Female,16.129.153.115
237,Malinda,Witson,mwitson6k@springer.com,Female,83.72.30.239
238,Goddart,Klimkovich,gklimkovich6l@abc.net.au,Male,117.114.89.114
239,Brinn,Wilacot,bwilacot6m@boston.com,Female,15.232.2.218
240,Quintin,Wyldbore,qwyldbore6n@sakura.ne.jp,Male,105.80.248.117
241,Andy,Critchell,acritchell6o@hibu.com,Female,239.52.159.226
242,Shayna,Shercliff,sshercliff6p@wiley.com,Female,162.40.69.28
243,Heida,Hogbin,hhogbin6q@shop-pro.jp,Female,158.28.114.72
244,Shayne,Corbyn,scorbyn6r@biblegateway.com,Male,226.27.30.4
245,Herc,Philp,hphilp6s@gnu.org,Male,215.82.127.34
246,Dunn,Bourgeois,dbourgeois6t@yandex.ru,Male,105.126.206.92
247,Hartley,Seccombe,hseccombe6u@nbcnews.com,Male,253.69.207.80
248,Farlay,Atwel,fatwel6v@uol.com.br,Male,66.100.232.202
249,Moyna,L' Anglois,mlanglois6w@geocities.com,Female,16.44.42.37
250,Mireielle,Riddlesden,mriddlesden6x@shareasale.com,Female,111.123.56.100
251,Noelani,Castro,ncastro6y@theguardian.com,Female,195.19.54.253
252,Maureene,Froude,mfroude6z@ucla.edu,Female,118.43.160.252
253,Roderick,Rydings,rrydings70@discovery.com,Male,134.95.153.40
254,Shannon,Jiracek,sjiracek71@discovery.com,Male,83.76.5.26
255,Elspeth,Wraxall,ewraxall72@live.com,Female,83.4.176.196
256,Brandtr,Tokell,btokell73@bravesites.com,Bigender,233.172.239.131
257,Feliza,Cranson,fcranson74@php.net,Female,9.109.16.58
258,Dame,Gerardin,dgerardin75@cocolog-nifty.com,Male,198.163.121.182
259,Marcel,Mell,mmell76@chicagotribune.com,Male,227.186.83.84
260,Brant,Greenall,bgreenall77@goo.gl,Male,143.189.102.2
261,Tom,Wickwarth,twickwarth78@chron.com,Male,6.124.155.236
262,Katherine,Furphy,kfurphy79@sfgate.com,Female,36.241.3.70
263,Fanny,Tomkowicz,ftomkowicz7a@epa.gov,Female,11.144.159.243
264,Gates,Scarisbrick,gscarisbrick7b@youku.com,Female,19.166.66.99
265,Adelaida,Havill,ahavill7c@theatlantic.com,Genderqueer,101.71.23.81
266,Bax,Chaves,bchaves7d@biblegateway.com,Male,16.40.204.95
267,Skippy,Beasant,sbeasant7e@mac.com,Male,51.231.224.244
268,Filide,Mallindine,fmallindine7f@samsung.com,Female,22.25.84.126
269,Gussy,Williamson,gwilliamson7g@unicef.org,Female,223.100.206.116
270,Chen,Chaves,cchaves7h@vkontakte.ru,Male,84.207.31.115
271,Jayme,Folks,jfolks7i@github.com,Non-binary,169.101.6.208
272,Madlen,Cutchey,mcutchey7j@dell.com,Female,255.36.168.132
273,Mac,April,mapril7k@about.com,Male,115.234.37.139
274,Bronnie,Giovannardi,bgiovannardi7l@prweb.com,Male,196.190.225.45
275,Poul,Gludor,pgludor7m@berkeley.edu,Male,158.107.5.223
276,Tedd,Longfut,tlongfut7n@disqus.com,Male,189.20.95.33
277,Wat,Maidlow,wmaidlow7o@washington.edu,Male,204.206.108.254
278,Edna,Hannaby,ehannaby7p@phpbb.com,Female,194.54.56.173
279,Corbett,Broscombe,cbroscombe7q@nbcnews.com,Male,2.244.139.178
280,Robin,Gippes,rgippes7r@amazon.com,Male,243.87.120.69
281,Kissiah,Gearing,kgearing7s@pinterest.com,Female,47.5.177.69
282,Kerr,Sketh,ksketh7t@weebly.com,Male,204.34.76.138
283,Darb,Bohje,dbohje7u@1und1.de,Female,196.244.143.243
284,Hieronymus,D'Onisi,hdonisi7v@rediff.com,Male,212.102.162.177
285,Lock,Vannar,lvannar7w@nsw.gov.au,Male,197.48.58.192
286,Martynne,Lindsley,mlindsley7x@seesaa.net,Female,249.70.222.249
287,Gratiana,Learmount,glearmount7y@nba.com,Female,199.238.100.70
288,Hyacinthe,Sivier,hsivier7z@uol.com.br,Female,91.8.70.108
289,Jenica,Meran,jmeran80@webnode.com,Female,208.32.158.20
290,Lurline,Broderick,lbroderick81@myspace.com,Female,164.130.125.157
291,Fielding,Mumbey,fmumbey82@indiegogo.com,Male,192.86.98.20
292,Penn,Haquin,phaquin83@harvard.edu,Male,238.143.220.11
293,Melantha,Matanin,mmatanin84@eventbrite.com,Female,1.251.250.93
294,Romonda,Cawsey,rcawsey85@flickr.com,Female,255.191.19.88
295,Rollo,Biddlestone,rbiddlestone86@t-online.de,Male,175.70.136.49
296,Lesley,Masarrat,lmasarrat87@nydailynews.com,Male,252.140.5.88
297,Sigismundo,Steddall,ssteddall88@mlb.com,Male,58.77.18.238
298,Woody,Frankish,wfrankish89@canalblog.com,Male,160.166.91.162
299,Morgen,Condell,mcondell8a@berkeley.edu,Female,5.7.37.29
300,Simone,Valentelli,svalentelli8b@narod.ru,Female,189.140.14.174
301,Kennett,Ary,kary8c@moonfruit.com,Male,223.84.31.10
302,Anatol,Patterfield,apatterfield8d@omniture.com,Male,242.22.19.213
303,Pamella,Gaitley,pgaitley8e@addtoany.com,Female,69.191.174.171
304,Idalina,Goves,igoves8f@buzzfeed.com,Female,129.18.222.174
305,Holt,Nower,hnower8g@booking.com,Male,192.229.153.85
306,Montague,Dorgon,mdorgon8h@uiuc.edu,Male,55.137.82.87
307,Harper,O'Carroll,hocarroll8i@stanford.edu,Male,73.173.246.72
308,Nataline,McGivena,nmcgivena8j@epa.gov,Polygender,43.182.214.164
309,Hoebart,Wannell,hwannell8k@google.com.au,Male,79.219.36.156
310,Siana,Cassey,scassey8l@discuz.net,Genderqueer,67.151.221.172
311,Claudianus,McIlory,cmcilory8m@goodreads.com,Male,55.97.204.72
312,Sutton,Karolovsky,skarolovsky8n@marriott.com,Male,201.238.229.142
313,Emlen,Didsbury,edidsbury8o@eventbrite.com,Male,104.95.80.255
314,Miller,Kenewel,mkenewel8p@people.com.cn,Male,106.121.131.167
315,Adan,Royse,aroyse8q@wired.com,Male,175.79.229.195
316,Kipper,Dawson,kdawson8r@ow.ly,Male,23.33.29.180
317,Tobe,Helis,thelis8s@4shared.com,Agender,53.224.240.58
318,Reagen,Drysdall,rdrysdall8t@slate.com,Male,189.176.17.173
319,Felecia,Leyton,fleyton8u@phpbb.com,Genderfluid,62.108.195.139
320,Valentijn,Bernadon,vbernadon8v@walmart.com,Male,36.68.26.71
321,Gabriele,Bazek,gbazek8w@sogou.com,Male,188.19.134.227
322,Upton,Goodley,ugoodley8x@flavors.me,Male,34.204.219.182
323,Jacintha,Paul,jpaul8y@flavors.me,Female,181.238.246.97
324,Grange,Lankford,glankford8z@craigslist.org,Male,38.21.96.168
325,Winny,Mullin,wmullin90@flavors.me,Female,49.94.213.119
326,Norbert,Agnew,nagnew91@ucsd.edu,Male,128.72.220.43
327,Bobbe,Olexa,bolexa92@msn.com,Female,2.113.15.223
328,Sibella,Redpath,sredpath93@gravatar.com,Female,155.153.209.206
329,Andros,Derx,aderx94@unesco.org,Male,122.59.23.144
330,Rutherford,Kitchenham,rkitchenham95@cdc.gov,Male,138.128.10.178
331,Laurette,Lashmore,llashmore96@is.gd,Female,76.200.41.30
332,Laurie,Daborne,ldaborne97@tinypic.com,Male,141.225.128.172
333,Leeland,Boni,lboni98@vk.com,Male,157.22.240.75
334,Lonny,Bernardotti,lbernardotti99@surveymonkey.com,Male,33.174.239.30
335,Royal,Birdseye,rbirdseye9a@marketwatch.com,Male,30.75.15.99
336,Jobey,Millberg,jmillberg9b@com.com,Female,108.89.144.23
337,Beatrice,Fulleylove,bfulleylove9c@princeton.edu,Female,139.204.201.79
338,Gaven,Sanchiz,gsanchiz9d@un.org,Male,110.189.25.221
339,Tana,Lachaize,tlachaize9e@accuweather.com,Polygender,185.180.175.78
340,Hermina,Kassel,hkassel9f@goodreads.com,Female,236.117.230.162
341,Alaster,Suttie,asuttie9g@a8.net,Male,105.30.13.105
342,Toiboid,Rushsorth,trushsorth9h@sciencedirect.com,Genderqueer,79.119.202.226
343,Juliann,Ciciari,jciciari9i@pagesperso-orange.fr,Female,60.116.118.102
344,Devondra,Angrave,dangrave9j@cocolog-nifty.com,Female,241.236.141.156
345,Nita,Greenstead,ngreenstead9k@utexas.edu,Female,192.171.98.62
346,Carin,Cullin,ccullin9l@businesswire.com,Female,71.145.206.82
347,Jacinda,Delouch,jdelouch9m@purevolume.com,Female,74.38.193.22
348,Mahmud,Enrich,menrich9n@noaa.gov,Male,130.207.153.177
349,Eugine,D'Hooge,edhooge9o@tripod.com,Female,45.190.242.217
350,Ophelia,Lie,olie9p@furl.net,Polygender,191.242.181.235
351,Daryl,Plumer,dplumer9q@google.it,Male,166.11.175.187
352,Mitchel,Daniello,mdaniello9r@columbia.edu,Male,238.124.211.173
353,Rosella,Choppin,rchoppin9s@unblog.fr,Female,82.10.76.141
354,Amandie,Diack,adiack9t@sina.com.cn,Female,35.196.34.47
355,Chas,Yurygyn,cyurygyn9u@spiegel.de,Male,102.148.63.147
356,Arnoldo,Guiu,aguiu9v@google.fr,Male,86.28.105.29
357,Amelie,Mellem,amellem9w@patch.com,Female,70.33.199.132
358,Zonnya,Bultitude,zbultitude9x@altervista.org,Female,156.230.93.154
359,Clive,Rutt,crutt9y@technorati.com,Male,101.242.238.133
360,Dionysus,Sketh,dsketh9z@aboutads.info,Male,193.146.80.139
361,Corrie,Crinage,ccrinagea0@hud.gov,Agender,89.179.209.148
362,Webb,Pavlitschek,wpavlitscheka1@sourceforge.net,Male,20.2.146.50
363,Pancho,Sheilds,psheildsa2@marketwatch.com,Agender,241.180.215.24
364,Kale,Brennenstuhl,kbrennenstuhla3@gnu.org,Male,107.90.198.165
365,Lucas,Robb,lrobba4@cmu.edu,Male,194.136.242.66
366,Tonya,Ceaplen,tceaplena5@drupal.org,Female,208.16.106.179
367,Janine,Ketton,jkettona6@mediafire.com,Female,81.240.164.240
368,Prudence,Hitschke,phitschkea7@privacy.gov.au,Female,219.253.26.224
369,Paton,Gresham,pgreshama8@people.com.cn,Male,202.78.171.203
370,Shermy,Baumadier,sbaumadiera9@canalblog.com,Male,122.36.123.64
371,Lion,Di Lucia,ldiluciaaa@wsj.com,Male,165.175.57.109
372,Zolly,Iacopetti,ziacopettiab@github.com,Male,153.213.49.19
373,Kaye,Hearthfield,khearthfieldac@sogou.com,Female,159.100.44.119
374,Dinnie,Seligson,dseligsonad@yellowbook.com,Female,35.5.133.109
375,Lauree,Rangall,lrangallae@rediff.com,Female,177.8.245.125
376,Rosanna,Blaxley,rblaxleyaf@ask.com,Female,206.233.225.29
377,Enrika,Atcherley,eatcherleyag@exblog.jp,Genderfluid,187.109.249.146
378,Jean,Dossit,jdossitah@sogou.com,Genderqueer,175.190.250.240
379,Rachelle,Gillbard,rgillbardai@kickstarter.com,Female,126.87.80.190
380,Suzanne,Aingel,saingelaj@upenn.edu,Agender,57.215.227.45
381,Marlene,Lyall,mlyallak@guardian.co.uk,Female,132.39.94.130
382,Granger,Waldie,gwaldieal@who.int,Bigender,216.15.71.12
383,Koral,Piddock,kpiddockam@bravesites.com,Female,150.165.210.59
384,Uriah,Lawrenson,ulawrensonan@washington.edu,Male,134.223.110.2
385,Flossi,Hazeldene,fhazeldeneao@slideshare.net,Female,61.214.153.123
386,Stearne,Rossoni,srossoniap@indiatimes.com,Male,80.107.214.122
387,Glad,Siddaley,gsiddaleyaq@blogspot.com,Female,194.194.30.60
388,Ring,Hymor,rhymorar@youtu.be,Male,117.24.243.96
389,Matt,Malacrida,mmalacridaas@kickstarter.com,Male,169.21.119.223
390,Sascha,Bramhill,sbramhillat@cdbaby.com,Non-binary,96.199.219.195
391,Rockey,Cord,rcordau@indiegogo.com,Male,133.238.3.206
392,Jodie,Minchella,jminchellaav@icq.com,Female,254.67.183.99
393,Rory,Wadge,rwadgeaw@ustream.tv,Male,111.188.8.69
394,Gerik,Flint,gflintax@aboutads.info,Male,33.4.104.53
395,Gregorio,Pagelsen,gpagelsenay@cocolog-nifty.com,Male,142.111.164.227
396,Ad,William,awilliamaz@miibeian.gov.cn,Male,39.247.46.57
397,Annora,Domingues,adominguesb0@bandcamp.com,Female,100.194.201.65
398,Charlton,Collete,ccolleteb1@washington.edu,Male,49.142.31.168
399,Moyra,Nayer,mnayerb2@nba.com,Female,132.74.104.255
400,Paquito,Nial,pnialb3@hostgator.com,Male,124.176.225.168
401,Stacy,Done,sdoneb4@a8.net,Male,124.97.111.130
402,Peterus,Vannoni,pvannonib5@arstechnica.com,Male,156.96.109.118
403,Oberon,Biggerstaff,obiggerstaffb6@mlb.com,Male,65.57.233.144
404,Wittie,Gregh,wgreghb7@dropbox.com,Male,199.94.37.128
405,Kelila,Batteson,kbattesonb8@abc.net.au,Female,43.71.12.191
406,Felipe,Labin,flabinb9@va.gov,Male,165.11.168.134
407,Ly,Mosedall,lmosedallba@ocn.ne.jp,Male,24.27.116.60
408,Chandal,Klimkov,cklimkovbb@psu.edu,Female,179.45.38.202
409,Lazarus,Tankin,ltankinbc@pen.io,Male,44.56.132.61
410,Denney,Casterot,dcasterotbd@furl.net,Male,202.229.105.29
411,Morty,Wooder,mwooderbe@homestead.com,Male,78.87.122.178
412,Jennine,Abadam,jabadambf@fda.gov,Non-binary,58.245.170.185
413,Dill,Peert,dpeertbg@bandcamp.com,Male,74.112.151.21
414,Miguelita,Weson,mwesonbh@nhs.uk,Female,48.89.254.53
415,Bryna,Giannini,bgianninibi@telegraph.co.uk,Female,146.37.209.100
416,Harlene,MacFayden,hmacfaydenbj@over-blog.com,Female,0.134.64.214
417,Chrisse,Mandry,cmandrybk@imdb.com,Male,17.247.142.205
418,Drusi,Sergant,dsergantbl@over-blog.com,Female,88.22.69.114
419,Austin,Kiernan,akiernanbm@macromedia.com,Female,233.213.160.49
420,Nadiya,Bridgman,nbridgmanbn@patch.com,Female,199.222.213.240
421,Amery,Gowdy,agowdybo@archive.org,Male,62.67.6.51
422,Rogers,Vigus,rvigusbp@google.nl,Male,142.14.133.4
423,Liliane,Metschke,lmetschkebq@usgs.gov,Female,66.120.46.103
424,Peterus,Woodfield,pwoodfieldbr@360.cn,Non-binary,229.236.82.114
425,Lauretta,Jeens,ljeensbs@ehow.com,Non-binary,126.69.78.245
426,Ranice,Slot,rslotbt@twitpic.com,Female,133.81.244.232
427,Nari,Junes,njunesbu@1und1.de,Female,234.241.96.66
428,Grant,Pendrid,gpendridbv@phpbb.com,Male,116.91.249.24
429,August,Dysert,adysertbw@fda.gov,Male,28.214.92.47
430,Romola,Priddie,rpriddiebx@furl.net,Non-binary,186.43.154.0
431,Esteban,Greenshiels,egreenshielsby@shareasale.com,Male,199.181.89.212
432,Roz,Hardman,rhardmanbz@vistaprint.com,Female,174.67.231.247
433,Abran,Eve,aevec0@cyberchimps.com,Male,61.172.169.218
434,Buddy,Sloper,bsloperc1@addtoany.com,Male,69.93.26.76
435,Charlotte,Hudleston,chudlestonc2@icio.us,Female,246.234.22.174
436,Reinhold,Kleinberer,rkleinbererc3@google.cn,Male,166.12.172.24
437,Jude,Nicholl,jnichollc4@mapy.cz,Male,136.41.145.225
438,Maisie,Wiszniewski,mwiszniewskic5@etsy.com,Agender,226.232.80.9
439,Georgeanne,Horrigan,ghorriganc6@posterous.com,Female,231.53.96.17
440,Sinclare,Aery,saeryc7@freewebs.com,Male,154.19.191.113
441,Oby,Richardin,orichardinc8@reference.com,Male,49.238.5.117
442,Eberhard,Baroche,ebarochec9@bizjournals.com,Male,32.236.108.123
443,Lisha,Moseby,lmosebyca@sakura.ne.jp,Female,125.26.231.34
444,Joby,Ceschi,jceschicb@msu.edu,Female,93.111.223.246
445,Claudelle,Drewell,cdrewellcc@psu.edu,Female,202.61.130.218
446,Dunn,McAulay,dmcaulaycd@sun.com,Male,236.195.213.19
447,Devlen,Delaney,ddelaneyce@apache.org,Male,112.116.90.166
448,Evelyn,Levene,elevenecf@goo.gl,Male,54.254.181.134
449,Aimee,Klicher,aklichercg@cbslocal.com,Female,150.71.211.66
450,Linc,Ovitts,lovittsch@prnewswire.com,Male,77.73.240.143
451,Sandra,Allred,sallredci@utexas.edu,Female,166.187.92.187
452,Cissiee,Tubridy,ctubridycj@drupal.org,Non-binary,56.247.93.180
453,Gabriele,Schwerin,gschwerinck@prweb.com,Male,129.91.215.189
454,Bobby,Darracott,bdarracottcl@stanford.edu,Female,50.108.122.239
455,Glenden,Bahike,gbahikecm@adobe.com,Male,84.177.120.19
456,Rubie,Blagbrough,rblagbroughcn@amazon.com,Genderqueer,118.146.240.227
457,Wenda,Peealess,wpeealessco@nasa.gov,Female,139.215.67.36
458,Dmitri,Wardhaugh,dwardhaughcp@walmart.com,Male,69.96.137.92
459,Cornell,Gaveltone,cgaveltonecq@posterous.com,Male,0.195.110.150
460,Carlo,Beeching,cbeechingcr@acquirethisname.com,Male,88.90.93.34
461,Horatius,Forryan,hforryancs@meetup.com,Male,171.229.153.85
462,Maisie,McIlmurray,mmcilmurrayct@engadget.com,Female,20.73.122.44
463,Siobhan,Baynom,sbaynomcu@tripadvisor.com,Genderqueer,165.94.230.2
464,Amara,Pietzke,apietzkecv@indiegogo.com,Female,211.159.148.97
465,Rosie,Finder,rfindercw@spotify.com,Female,195.238.191.39
466,Celesta,Gething,cgethingcx@elegantthemes.com,Female,188.168.109.146
467,Vinson,Darrington,vdarringtoncy@icio.us,Male,240.255.16.152
468,Whit,Chittie,wchittiecz@slideshare.net,Male,69.18.159.97
469,Galen,Hatfield,ghatfieldd0@wufoo.com,Male,187.27.16.134
470,Ogdon,Scourfield,oscourfieldd1@dmoz.org,Male,228.225.79.93
471,Maribel,Awton,mawtond2@studiopress.com,Female,143.79.87.234
472,Tully,Jaulmes,tjaulmesd3@ftc.gov,Male,78.108.96.43
473,Chanda,Paddington,cpaddingtond4@deviantart.com,Female,210.238.186.203
474,Matthaeus,Monte,mmonted5@naver.com,Male,85.141.214.145
475,Nathalia,Assiter,nassiterd6@sohu.com,Female,88.40.3.43
476,Duffie,Mannagh,dmannaghd7@nih.gov,Male,150.121.41.104
477,Filmore,Heatley,fheatleyd8@dion.ne.jp,Male,122.127.235.101
478,Che,Accomb,caccombd9@over-blog.com,Genderqueer,139.43.16.91
479,Ignacio,Force,iforceda@surveymonkey.com,Male,143.208.84.141
480,Suzanna,Ranson,sransondb@usnews.com,Female,66.28.150.255
481,Nicky,Rasp,nraspdc@bandcamp.com,Female,121.201.30.18
482,Kain,Klaes,kklaesdd@theatlantic.com,Male,206.152.32.16
483,Maxi,Walters,mwaltersde@tinypic.com,Female,1.104.241.81
484,Lovell,Hurle,lhurledf@dagondesign.com,Male,70.154.226.216
485,Jelene,Yanne,jyannedg@twitpic.com,Female,123.127.99.86
486,Abbi,Bonsul,abonsuldh@reddit.com,Female,76.133.152.7
487,Arabelle,Leafe,aleafedi@bloglines.com,Female,134.191.7.187
488,Ade,Puddephatt,apuddephattdj@discuz.net,Male,71.95.111.242
489,Maible,Copestake,mcopestakedk@people.com.cn,Female,101.252.73.113
490,Effie,Gilhespy,egilhespydl@dot.gov,Female,87.12.92.235
491,Mikaela,Love,mlovedm@trellian.com,Female,96.237.145.227
492,Andria,Argabrite,aargabritedn@stumbleupon.com,Female,160.48.218.171
493,Bank,Mion,bmiondo@google.co.jp,Male,7.87.23.52
494,Genovera,Baltrushaitis,gbaltrushaitisdp@vimeo.com,Female,27.197.101.182
495,Jordon,Robjents,jrobjentsdq@oracle.com,Male,132.201.104.58
496,Guinna,Coots,gcootsdr@odnoklassniki.ru,Non-binary,227.204.43.116
497,Wallie,Sawbridge,wsawbridgeds@1688.com,Female,190.165.126.76
498,Lina,Strut,lstrutdt@t.co,Female,215.178.211.118
499,Pauline,Bygraves,pbygravesdu@pcworld.com,Female,144.129.80.142
500,Roarke,Starzaker,rstarzakerdv@wikipedia.org,Male,18.241.109.131
501,Gloriana,Bosomworth,gbosomworthdw@boston.com,Female,101.190.2.89
502,Horst,Trembey,htrembeydx@nhs.uk,Male,146.18.54.182
503,Tara,Halmkin,thalmkindy@cnn.com,Female,17.61.100.219
504,Maxine,Ayshford,mayshforddz@dell.com,Female,84.170.228.243
505,Jillana,Du Fray,jdufraye0@multiply.com,Female,195.136.158.34
506,Linette,Burke,lburkee1@comsenz.com,Female,121.141.81.134
507,Brigham,Jermy,bjermye2@cnet.com,Male,85.30.200.120
508,Kliment,Gillson,kgillsone3@hc360.com,Male,111.155.246.19
509,Magdalene,Longforth,mlongforthe4@ihg.com,Female,245.118.119.110
510,Caspar,Ernshaw,cernshawe5@icq.com,Bigender,218.193.203.4
511,Harmonie,Fearick,hfearicke6@cornell.edu,Female,52.249.94.139
512,Vinita,Dahlen,vdahlene7@independent.co.uk,Female,172.241.198.154
513,Horst,Joynes,hjoynese8@google.co.uk,Male,74.56.120.0
514,Elsworth,Jowling,ejowlinge9@odnoklassniki.ru,Male,226.18.56.122
515,Araldo,Golding,agoldingea@yellowpages.com,Male,114.19.155.43
516,Charmion,Kirley,ckirleyeb@hibu.com,Female,70.215.180.2
517,Merrick,Chastanet,mchastanetec@alibaba.com,Male,27.216.100.88
518,Nananne,Guidera,nguideraed@epa.gov,Genderfluid,74.153.226.207
519,Binny,Cuphus,bcuphusee@gizmodo.com,Polygender,169.138.3.73
520,Jefferson,Morrad,jmorradef@patch.com,Male,65.86.72.198
521,Angeli,Elia,aeliaeg@nps.gov,Male,99.208.79.255
522,Dex,Giovannoni,dgiovannonieh@w3.org,Male,29.37.67.225
523,Trip,Bangley,tbangleyei@fastcompany.com,Male,53.226.248.204
524,Abeu,Masson,amassonej@cnn.com,Polygender,80.188.122.33
525,Sianna,Stading,sstadingek@networksolutions.com,Female,115.79.175.87
526,Cart,Meynell,cmeynellel@furl.net,Male,232.104.50.114
527,Jakob,Mullinder,jmullinderem@bravesites.com,Male,16.84.126.184
528,Alica,Balaizot,abalaizoten@usgs.gov,Female,173.254.169.126
529,Mellisent,Steutly,msteutlyeo@sakura.ne.jp,Female,111.196.126.201
530,Katalin,Devorill,kdevorillep@usnews.com,Female,212.54.44.214
531,Bradly,De Banke,bdebankeeq@java.com,Male,246.73.137.100
532,Dukey,Boolsen,dboolsener@tiny.cc,Male,45.19.237.110
533,Goran,Megainey,gmegaineyes@ocn.ne.jp,Polygender,114.116.164.97
534,Hercule,Attiwill,hattiwillet@cloudflare.com,Male,229.163.246.105
535,Aubrey,Berrow,aberroweu@diigo.com,Male,104.82.187.253
536,Rivkah,Pouton,rpoutonev@edublogs.org,Genderfluid,186.107.214.37
537,Nicolai,Sisnett,nsisnettew@facebook.com,Male,163.251.141.214
538,Claudio,MacNamara,cmacnamaraex@posterous.com,Male,141.138.24.124
539,Libbi,Burnage,lburnageey@examiner.com,Female,75.157.53.215
540,Dorolisa,Kleiser,dkleiserez@phpbb.com,Female,154.164.147.178
541,Agretha,Records,arecordsf0@tamu.edu,Female,50.73.243.60
542,Boigie,Bibbie,bbibbief1@networksolutions.com,Polygender,222.107.189.45
543,Gaylene,Teall,gteallf2@telegraph.co.uk,Genderfluid,222.15.113.103
544,Rafferty,Francesco,rfrancescof3@tiny.cc,Male,42.70.218.4
545,Malinda,Lockery,mlockeryf4@geocities.jp,Female,108.173.221.217
546,Ruttger,Meah,rmeahf5@xinhuanet.com,Male,56.133.138.63
547,Virginia,Lenin,vleninf6@craigslist.org,Female,228.88.254.185
548,Mellisent,Stedmond,mstedmondf7@amazon.co.uk,Female,144.240.232.223
549,Broderick,Clark,bclarkf8@buzzfeed.com,Agender,122.240.135.200
550,Cecilius,Ferriby,cferribyf9@mail.ru,Male,157.40.66.90
551,Nanette,Posnett,nposnettfa@washingtonpost.com,Female,66.209.137.211
552,Brooke,Flacknell,bflacknellfb@slashdot.org,Female,91.13.250.230
553,Falkner,Heinsen,fheinsenfc@live.com,Male,65.245.73.25
554,Susy,Ortsmann,sortsmannfd@alexa.com,Female,177.37.226.220
555,Kevin,Orneblow,korneblowfe@upenn.edu,Male,80.143.117.232
556,Rand,Lowy,rlowyff@ustream.tv,Male,241.229.216.104
557,Clare,Budnk,cbudnkfg@indiegogo.com,Female,36.17.60.111
558,Gawain,Josephson,gjosephsonfh@parallels.com,Male,243.102.132.20
559,Dolorita,Dillinger,ddillingerfi@tumblr.com,Female,179.127.93.116
560,Oberon,Cranmer,ocranmerfj@globo.com,Male,230.1.127.97
561,Erl,Jennens,ejennensfk@japanpost.jp,Male,164.221.110.232
562,Morrie,Fine,mfinefl@opensource.org,Male,180.64.186.80
563,Fidel,Geke,fgekefm@amazon.co.uk,Male,63.203.9.113
564,Lola,Moresby,lmoresbyfn@shutterfly.com,Female,151.117.48.35
565,Drucie,Dutnell,ddutnellfo@bloglines.com,Female,196.246.126.9
566,Cecily,McGeneay,cmcgeneayfp@umich.edu,Female,52.25.47.77
567,Pavla,Birtley,pbirtleyfq@zdnet.com,Female,217.243.5.5
568,Donnie,Deporte,ddeportefr@discovery.com,Male,106.252.21.50
569,Seymour,Drugan,sdruganfs@forbes.com,Male,233.53.12.34
570,Rollins,Drews,rdrewsft@shinystat.com,Male,247.243.36.188
571,Feliza,Wicks,fwicksfu@google.co.uk,Female,68.248.171.49
572,Xaviera,Longfut,xlongfutfv@comcast.net,Female,206.70.160.161
573,Fae,Dobrowlski,fdobrowlskifw@dyndns.org,Female,192.232.231.42
574,Torrence,Moye,tmoyefx@netlog.com,Male,32.146.78.57
575,Hilliary,Canfer,hcanferfy@a8.net,Female,96.142.37.100
576,Clemens,Light,clightfz@intel.com,Male,23.124.13.164
577,Catlaina,Jamme,cjammeg0@redcross.org,Female,151.168.219.48
578,Marty,Olding,moldingg1@pinterest.com,Female,155.4.65.96
579,Darrin,Fenners,dfennersg2@skyrock.com,Male,57.64.117.251
580,Mario,Danjoie,mdanjoieg3@comcast.net,Male,172.151.73.144
581,Ogdan,Errol,oerrolg4@shop-pro.jp,Male,210.237.144.118
582,Emylee,Govenlock,egovenlockg5@qq.com,Female,49.59.39.148
583,Mel,Dyson,mdysong6@businessweek.com,Male,191.136.92.174
584,Ulick,Ledamun,uledamung7@booking.com,Male,253.154.249.165
585,Reggi,Bullier,rbullierg8@cisco.com,Female,62.144.64.240
586,Yance,Dessaur,ydessaurg9@theguardian.com,Male,20.198.234.237
587,Charlie,De Cruce,cdecrucega@domainmarket.com,Male,56.44.198.182
588,Lennie,Boughen,lboughengb@homestead.com,Male,199.100.145.179
589,Appolonia,Collocott,acollocottgc@google.cn,Female,31.227.54.30
590,Esma,Grollmann,egrollmanngd@istockphoto.com,Female,244.213.132.161
591,Carlyle,Walwood,cwalwoodge@un.org,Male,48.94.2.197
592,Janet,Zecchinii,jzecchiniigf@columbia.edu,Female,35.91.203.236
593,Brigit,Couling,bcoulinggg@msu.edu,Female,85.31.5.102
594,Caro,Milby,cmilbygh@npr.org,Female,189.157.75.176
595,Aubine,Crees,acreesgi@ca.gov,Female,188.119.198.60
596,Hester,Ainsley,hainsleygj@infoseek.co.jp,Female,166.146.144.121
597,Sherry,Punch,spunchgk@yellowbook.com,Female,220.59.7.106
598,Beltran,McVittie,bmcvittiegl@dedecms.com,Male,107.154.18.16
599,Barris,Grabban,bgrabbangm@slideshare.net,Genderfluid,254.243.179.164
600,Dominga,Ballendine,dballendinegn@hugedomains.com,Female,212.98.122.107
601,Darnell,Ongin,dongingo@google.fr,Male,149.208.33.59
602,Adrianne,Knell,aknellgp@creativecommons.org,Female,168.208.251.249
603,Cyril,Barde,cbardegq@seattletimes.com,Male,130.131.194.104
604,Corri,Stockill,cstockillgr@rediff.com,Female,218.239.200.125
605,Emery,Meconi,emeconigs@shop-pro.jp,Male,158.106.60.134
606,Kessia,McQuaid,kmcquaidgt@amazon.co.jp,Female,163.167.24.117
607,Cliff,Winnard,cwinnardgu@gmpg.org,Male,22.132.62.149
608,Colette,Aggott,caggottgv@symantec.com,Female,28.243.200.132
609,Lauretta,Gwinnett,lgwinnettgw@dyndns.org,Female,59.29.131.176
610,Justen,Lickorish,jlickorishgx@amazon.co.uk,Male,102.41.194.28
611,Amalle,Pincked,apinckedgy@slashdot.org,Non-binary,87.84.46.162
612,Rosina,Strutt,rstruttgz@ow.ly,Female,98.66.82.198
613,Koren,Tregunna,ktregunnah0@imgur.com,Female,2.2.122.124
614,Karena,Bonallack,kbonallackh1@amazon.de,Female,193.17.130.12
615,Galven,Coghlin,gcoghlinh2@unblog.fr,Male,151.8.26.80
616,Zachariah,Warcop,zwarcoph3@xinhuanet.com,Male,168.158.212.215
617,Rodrigo,Vickars,rvickarsh4@altervista.org,Male,235.194.15.45
618,Sandra,Thompstone,sthompstoneh5@etsy.com,Female,71.6.114.181
619,Dunc,Bownde,dbowndeh6@samsung.com,Male,46.235.43.121
620,Annabal,McCathie,amccathieh7@elegantthemes.com,Female,185.23.224.65
621,Miltie,Czajkowska,mczajkowskah8@topsy.com,Male,232.133.35.172
622,Susan,Haughton,shaughtonh9@typepad.com,Female,52.108.216.205
623,Shae,Linney,slinneyha@devhub.com,Male,198.222.56.213
624,Cobby,Grafom,cgrafomhb@tmall.com,Genderqueer,62.196.121.146
625,Reed,Milkins,rmilkinshc@rambler.ru,Male,68.226.250.48
626,Lionel,Rao,lraohd@va.gov,Male,255.4.235.117
627,Laurie,Lisett,llisetthe@arstechnica.com,Non-binary,8.115.105.162
628,Myrwyn,d' Eye,mdeyehf@smugmug.com,Male,68.2.110.95
629,Stanton,Jagger,sjaggerhg@vk.com,Male,204.137.185.105
630,Saunderson,Paireman,spairemanhh@ted.com,Male,152.137.71.233
631,Abeu,Guyet,aguyethi@addthis.com,Male,26.200.240.170
632,Son,Kimmins,skimminshj@bing.com,Male,77.19.23.244
633,Haleigh,Aguirre,haguirrehk@miitbeian.gov.cn,Male,110.134.227.87
634,Leann,Deesly,ldeeslyhl@smugmug.com,Polygender,138.218.118.164
635,Yettie,Ruppeli,yruppelihm@flickr.com,Female,33.110.107.246
636,Tina,Edel,tedelhn@php.net,Female,155.155.226.177
637,Salvidor,Shimoni,sshimoniho@nytimes.com,Male,122.57.28.103
638,Drake,Fort,dforthp@goo.gl,Male,34.67.18.167
639,Silvio,Rollitt,srollitthq@phpbb.com,Agender,84.143.80.182
640,Fanya,Dorro,fdorrohr@ibm.com,Female,50.108.249.237
641,Jemie,Upston,jupstonhs@google.it,Female,19.246.217.81
642,Milty,Sykes,msykesht@mac.com,Male,67.173.163.91
643,Netti,MacCrackan,nmaccrackanhu@dion.ne.jp,Female,76.83.43.121
644,Orella,Foucard,ofoucardhv@hexun.com,Female,55.190.222.101
645,Nanete,Malsher,nmalsherhw@dell.com,Female,164.118.173.50
646,Jelene,Hartus,jhartushx@nytimes.com,Female,82.243.98.98
647,Culver,Rouzet,crouzethy@sitemeter.com,Male,245.221.150.33
648,Tiena,Carney,tcarneyhz@sfgate.com,Female,148.205.187.148
649,Melony,Sundin,msundini0@theatlantic.com,Female,120.157.171.90
650,Clayborne,Corain,ccoraini1@imdb.com,Male,162.201.188.185
651,Yule,Grayer,ygrayeri2@topsy.com,Male,68.128.60.181
652,Sly,Proughten,sproughteni3@xinhuanet.com,Male,127.51.74.100
653,Duke,Cyson,dcysoni4@issuu.com,Male,55.100.236.227
654,Tymothy,De Gregario,tdegregarioi5@apple.com,Male,139.253.238.44
655,Rosaline,Ingreda,ringredai6@theguardian.com,Female,52.238.145.3
656,Gottfried,Bunclark,gbunclarki7@nydailynews.com,Male,137.129.211.19
657,Isabelle,Drewe,idrewei8@businessweek.com,Female,18.107.67.158
658,Alene,Hurren,ahurreni9@addthis.com,Female,81.20.16.32
659,Bard,Gingel,bgingelia@bloomberg.com,Male,48.172.157.84
660,Myrle,Neicho,mneichoib@omniture.com,Female,128.44.5.240
661,Lari,Rosenkranc,lrosenkrancic@fc2.com,Female,254.108.99.248
662,Skye,Swainger,sswaingerid@chronoengine.com,Male,229.96.143.199
663,Tamarra,Heeran,theeranie@wikispaces.com,Female,104.210.34.121
664,Dalli,McCamish,dmccamishif@apache.org,Non-binary,67.213.168.53
665,Westbrook,Kenn,wkennig@goo.ne.jp,Non-binary,61.5.18.221
666,Martino,Gerram,mgerramih@shareasale.com,Non-binary,174.9.88.178
667,Calley,Bleckly,cblecklyii@nationalgeographic.com,Female,171.14.82.17
668,Augustine,Parmley,aparmleyij@ox.ac.uk,Female,85.176.127.235
669,Edsel,Bartrap,ebartrapik@bloglines.com,Male,206.45.187.4
670,Codie,Vernon,cvernonil@harvard.edu,Male,240.72.200.92
671,Elmore,Skoggings,eskoggingsim@cornell.edu,Male,229.112.66.195
672,Kelila,Gatcliff,kgatcliffin@google.ru,Female,26.251.164.181
673,Salomon,Cuttings,scuttingsio@yandex.ru,Agender,237.111.220.243
674,Arleen,Coleford,acolefordip@wikimedia.org,Female,143.241.138.251
675,Cull,Ruf,crufiq@nytimes.com,Male,205.160.73.227
676,Philbert,Byrd,pbyrdir@is.gd,Bigender,136.211.233.155
677,Giuseppe,Liversage,gliversageis@indiegogo.com,Male,2.166.1.52
678,Page,Janikowski,pjanikowskiit@artisteer.com,Female,13.233.68.162
679,Harold,Ioan,hioaniu@arizona.edu,Male,65.72.183.111
680,Schuyler,Ortiger,sortigeriv@drupal.org,Male,81.5.81.53
681,Alexis,Hessentaler,ahessentaleriw@bluehost.com,Male,178.76.157.215
682,Godfrey,Vinnick,gvinnickix@paginegialle.it,Male,157.254.109.151
683,Olva,Maruszewski,omaruszewskiiy@blogspot.com,Female,38.117.187.32
684,Rachel,Leggat,rleggatiz@twitpic.com,Female,80.248.139.253
685,Lydon,Brockwell,lbrockwellj0@irs.gov,Male,164.168.29.11
686,Debbie,Tomsa,dtomsaj1@cmu.edu,Female,79.62.221.176
687,Lian,Hagergham,lhagerghamj2@paypal.com,Female,241.24.22.193
688,Ginelle,Lavington,glavingtonj3@java.com,Female,9.51.131.178
689,Ardine,Benn,abennj4@vinaora.com,Female,50.93.39.42
690,Kelsey,Ayerst,kayerstj5@google.fr,Male,210.1.120.65
691,Lannie,McSperron,lmcsperronj6@cisco.com,Male,197.71.67.189
692,Ingrid,Samuels,isamuelsj7@latimes.com,Female,242.44.174.52
693,Elwin,Verdon,everdonj8@epa.gov,Male,219.188.75.138
694,Rodolfo,Legh,rleghj9@w3.org,Bigender,252.42.23.41
695,Rosmunda,Piccard,rpiccardja@alexa.com,Female,88.193.16.168
696,Geneva,Matz,gmatzjb@eepurl.com,Female,12.140.51.33
697,Goldina,Halvorsen,ghalvorsenjc@youku.com,Female,162.126.95.107
698,Derwin,Sail,dsailjd@squarespace.com,Male,121.211.253.177
699,Tamas,Broderick,tbroderickje@macromedia.com,Male,43.169.241.73
700,Merrielle,Overel,movereljf@soup.io,Female,3.113.110.128
701,Evelin,Fiddeman,efiddemanjg@example.com,Genderqueer,201.168.5.6
702,Delbert,Slator,dslatorjh@linkedin.com,Male,229.42.79.59
703,Jere,Orcas,jorcasji@businesswire.com,Genderfluid,224.79.238.92
704,Jessey,Alejandro,jalejandrojj@engadget.com,Male,38.69.240.123
705,Clementina,Wishkar,cwishkarjk@ibm.com,Female,199.212.139.111
706,Courtney,Stoneley,cstoneleyjl@yale.edu,Female,50.194.56.81
707,Analiese,Zincke,azinckejm@blogspot.com,Bigender,149.58.193.115
708,Giselbert,Filipczynski,gfilipczynskijn@tamu.edu,Genderfluid,15.195.165.5
709,Guy,Tregidga,gtregidgajo@imgur.com,Male,169.101.249.221
710,Noll,Summerley,nsummerleyjp@instagram.com,Male,55.134.56.98
711,Lyndsay,Rowbury,lrowburyjq@buzzfeed.com,Genderfluid,140.138.98.233
712,Rebekkah,Wimpeney,rwimpeneyjr@cbc.ca,Female,109.25.51.152
713,Jerald,Raw,jrawjs@ow.ly,Male,243.49.42.244
714,Cos,Jacobssen,cjacobssenjt@hexun.com,Male,0.83.160.216
715,Ambrosi,Ivanchenkov,aivanchenkovju@github.io,Male,254.178.176.40
716,Blane,Nye,bnyejv@taobao.com,Male,247.71.171.12
717,Charyl,Cleugh,ccleughjw@zdnet.com,Female,37.30.64.61
718,Gabriell,Boeter,gboeterjx@people.com.cn,Bigender,84.241.227.117
719,Axe,Cavilla,acavillajy@php.net,Male,24.210.147.124
720,Gene,O'Gorman,gogormanjz@zimbio.com,Male,45.207.190.227
721,Saleem,Le Quesne,slequesnek0@hp.com,Male,24.110.170.149
722,Dorie,Cunah,dcunahk1@wikimedia.org,Male,174.211.226.175
723,Graeme,Ledford,gledfordk2@e-recht24.de,Male,80.52.20.43
724,Rog,Woolston,rwoolstonk3@oakley.com,Male,137.189.172.196
725,Ida,Blofeld,iblofeldk4@bloglines.com,Female,33.240.87.5
726,Rayner,Harnor,rharnork5@mtv.com,Male,199.25.211.184
727,Coralyn,Martinez,cmartinezk6@nasa.gov,Female,29.169.246.143
728,Rodolphe,Gotecliffe,rgotecliffek7@baidu.com,Male,222.153.153.240
729,Rolf,Abernethy,rabernethyk8@ustream.tv,Male,87.116.127.222
730,Anissa,Pargetter,apargetterk9@sbwire.com,Female,246.92.247.118
731,Allard,Wittleton,awittletonka@squidoo.com,Genderfluid,222.192.183.241
732,Keefe,Morrott,kmorrottkb@netvibes.com,Male,201.14.12.87
733,Everard,Sivyour,esivyourkc@walmart.com,Male,190.157.154.171
734,Bartholomeo,Silverlock,bsilverlockkd@quantcast.com,Bigender,126.18.240.236
735,Latrena,Alabaster,lalabasterke@cbslocal.com,Female,163.122.133.217
736,Jerrilee,Eloi,jeloikf@prweb.com,Female,227.208.122.48
737,Arabelle,Getcliff,agetcliffkg@artisteer.com,Female,157.17.76.210
738,Kamila,Condit,kconditkh@chicagotribune.com,Female,38.178.113.248
739,Tulley,Shimuk,tshimukki@exblog.jp,Male,61.99.90.36
740,Townsend,Stables,tstableskj@guardian.co.uk,Male,44.190.253.6
741,Salmon,Orring,sorringkk@qq.com,Male,32.229.211.98
742,Quentin,Swindon,qswindonkl@nih.gov,Female,129.101.3.86
743,Brian,Broomhead,bbroomheadkm@tuttocitta.it,Male,44.173.44.247
744,Ron,Epinoy,repinoykn@furl.net,Male,225.75.183.113
745,Cissy,Varey,cvareyko@blogs.com,Genderqueer,58.31.159.202
746,Terence,Farfolomeev,tfarfolomeevkp@jimdo.com,Male,89.0.254.161
747,Karoline,Gottelier,kgottelierkq@cnn.com,Female,173.161.95.48
748,Gabriello,Corten,gcortenkr@princeton.edu,Male,215.41.66.2
749,Noam,McKibbin,nmckibbinks@si.edu,Male,59.122.5.40
750,Barty,Wickey,bwickeykt@goodreads.com,Male,112.37.33.8
751,Callie,McGarrell,cmcgarrellku@pagesperso-orange.fr,Female,163.76.239.134
752,Ingar,Matessian,imatessiankv@statcounter.com,Male,160.16.90.255
753,Zahara,Commins,zcomminskw@msu.edu,Genderqueer,90.215.119.234
754,Chester,Ivell,civellkx@wufoo.com,Male,133.174.48.150
755,Hartwell,Corden,hcordenky@i2i.jp,Male,75.216.221.68
756,Ichabod,Moller,imollerkz@kickstarter.com,Male,106.239.122.148
757,Atlante,Woodyer,awoodyerl0@cbc.ca,Female,16.47.111.99
758,Olimpia,Beaulieu,obeaulieul1@tamu.edu,Female,62.236.84.228
759,Carolina,Mc Caughen,cmccaughenl2@cbc.ca,Female,63.87.109.114
760,Thorpe,Van Hesteren,tvanhesterenl3@nsw.gov.au,Male,78.192.49.247
761,Christophe,Whewell,cwhewelll4@mozilla.com,Male,50.170.31.100
762,Boony,Lettuce,blettucel5@huffingtonpost.com,Male,36.168.205.52
763,Vanessa,Mickan,vmickanl6@weibo.com,Female,157.155.242.110
764,Corabel,MacGoun,cmacgounl7@goo.ne.jp,Female,99.22.208.86
765,Lucais,Clue,lcluel8@dell.com,Male,24.10.206.244
766,Michaeline,Brach,mbrachl9@senate.gov,Female,237.43.152.46
767,Krishna,Krout,kkroutla@tmall.com,Male,81.252.246.220
768,Fabien,Pawelek,fpaweleklb@youku.com,Male,143.179.214.42
769,Louis,Davidge,ldavidgelc@vk.com,Male,11.255.70.54
770,Julian,Limpkin,jlimpkinld@dailymotion.com,Polygender,108.163.28.248
771,Desmund,Bettleson,dbettlesonle@patch.com,Male,123.134.117.242
772,Rodolfo,Thaller,rthallerlf@liveinternet.ru,Male,83.5.120.102
773,Rozalie,Broxton,rbroxtonlg@github.io,Female,242.192.201.42
774,Juana,Girkin,jgirkinlh@bizjournals.com,Female,131.61.72.155
775,Matty,Thornebarrow,mthornebarrowli@sciencedirect.com,Male,237.126.5.176
776,Brianne,Londors,blondorslj@posterous.com,Female,67.40.108.254
777,Felecia,Brookfield,fbrookfieldlk@mashable.com,Female,128.95.100.140
778,Tamar,Nan Carrow,tnancarrowll@yandex.ru,Female,68.193.22.75
779,Krystyna,Strike,kstrikelm@japanpost.jp,Female,10.207.112.197
780,Adiana,Cardoo,acardooln@sun.com,Female,118.140.40.62
781,Felizio,MacMillan,fmacmillanlo@vkontakte.ru,Male,181.232.49.236
782,Gordie,Flicker,gflickerlp@rediff.com,Male,253.230.174.219
783,Naoma,Halshaw,nhalshawlq@miibeian.gov.cn,Female,137.117.147.219
784,Patsy,Fyall,pfyalllr@phoca.cz,Female,172.198.207.158
785,Duffy,Soall,dsoallls@msu.edu,Male,19.175.248.166
786,Thornie,Keaves,tkeaveslt@surveymonkey.com,Male,169.36.223.38
787,Rianon,Flawn,rflawnlu@jalbum.net,Female,75.51.78.251
788,Constantin,Goldsberry,cgoldsberrylv@soup.io,Male,243.146.137.76
789,Ophelia,Huard,ohuardlw@friendfeed.com,Female,172.182.255.119
790,Stafford,Benedicto,sbenedictolx@posterous.com,Male,43.197.226.71
791,Gerhard,Jakoviljevic,gjakoviljevicly@mlb.com,Male,66.178.148.73
792,Penny,Cobbold,pcobboldlz@europa.eu,Male,221.163.206.55
793,Brose,Keeltagh,bkeeltaghm0@census.gov,Male,28.200.10.55
794,Christabel,Fouch,cfouchm1@google.fr,Female,245.14.88.100
795,Romeo,Petrello,rpetrellom2@stanford.edu,Male,202.230.188.111
796,Rabbi,Martinie,rmartiniem3@washington.edu,Male,190.82.48.44
797,Putnam,Standage,pstandagem4@dion.ne.jp,Male,22.197.18.22
798,Dennet,Manneville,dmannevillem5@guardian.co.uk,Male,154.188.250.221
799,Stacee,Barti,sbartim6@boston.com,Female,111.241.121.118
800,Clevie,Abbatt,cabbattm7@blogspot.com,Bigender,75.95.89.175
801,Berrie,Senogles,bsenoglesm8@nifty.com,Female,216.15.128.48
802,Nigel,Gowler,ngowlerm9@nasa.gov,Male,161.118.68.206
803,Lennie,Creagh,lcreaghma@dot.gov,Male,247.241.62.98
804,Oby,Klimov,oklimovmb@fda.gov,Male,47.132.210.82
805,Emyle,Hudd,ehuddmc@discovery.com,Female,254.120.92.189
806,Myles,Brawson,mbrawsonmd@newyorker.com,Male,12.7.27.79
807,Byron,Phillips,bphillipsme@hp.com,Bigender,21.67.116.201
808,Nesta,Yearron,nyearronmf@howstuffworks.com,Female,86.92.243.195
809,Oralie,Flahy,oflahymg@ftc.gov,Female,64.49.51.68
810,Sandi,Lorens,slorensmh@angelfire.com,Female,243.217.241.38
811,Husein,Vain,hvainmi@salon.com,Male,161.140.202.34
812,Terence,Casazza,tcasazzamj@reverbnation.com,Male,255.94.218.161
813,Aylmer,Guiver,aguivermk@mozilla.com,Male,110.113.63.150
814,Harriett,Renzini,hrenziniml@yelp.com,Female,187.237.180.120
815,Lorie,Guerri,lguerrimm@abc.net.au,Bigender,105.105.252.25
816,Laurie,Shoebotham,lshoebothammn@ameblo.jp,Female,201.204.42.90
817,Adelbert,Kennedy,akennedymo@parallels.com,Male,22.85.22.204
818,Erina,Shower,eshowermp@foxnews.com,Female,241.50.100.38
819,Kerrie,Garnam,kgarnammq@admin.ch,Female,99.19.52.155
820,Zebadiah,Millington,zmillingtonmr@purevolume.com,Male,16.185.224.179
821,Roth,Baddiley,rbaddileyms@indiegogo.com,Male,48.13.111.139
822,Burgess,Blewmen,bblewmenmt@moonfruit.com,Polygender,212.64.107.43
823,Jarrad,Willock,jwillockmu@yelp.com,Agender,81.47.185.11
824,Meredithe,Benois,mbenoismv@nasa.gov,Genderqueer,45.103.35.19
825,Chester,Dugdale,cdugdalemw@thetimes.co.uk,Male,113.252.107.85
826,Clerissa,Lamasna,clamasnamx@quantcast.com,Female,222.125.185.13
827,Shalna,Morson,smorsonmy@amazon.co.uk,Female,197.62.167.79
828,Henry,Wabersinke,hwabersinkemz@themeforest.net,Male,22.17.73.35
829,Fredric,Falkner,ffalknern0@technorati.com,Male,182.82.192.178
830,Alexio,Mussalli,amussallin1@virginia.edu,Bigender,169.69.83.138
831,Roger,Fishleigh,rfishleighn2@paginegialle.it,Bigender,61.168.249.190
832,Tiebold,Maslen,tmaslenn3@blogger.com,Genderqueer,103.32.48.216
833,Ninnette,Bottoner,nbottonern4@diigo.com,Female,137.183.17.214
834,Lane,Gallen,lgallenn5@prlog.org,Male,192.139.52.179
835,Hastings,Humbie,hhumbien6@yelp.com,Male,149.230.95.168
836,Perren,Bage,pbagen7@dot.gov,Male,0.226.112.225
837,Carlyle,Reeds,creedsn8@icio.us,Male,161.154.84.163
838,Barn,Seamons,bseamonsn9@zdnet.com,Polygender,196.132.125.247
839,Herrick,Scruton,hscrutonna@yahoo.co.jp,Male,191.74.192.194
840,Melodee,Chark,mcharknb@photobucket.com,Female,202.191.68.150
841,Del,Hawkridge,dhawkridgenc@cocolog-nifty.com,Male,136.15.12.147
842,Lisha,Weatherill,lweatherillnd@washingtonpost.com,Female,6.215.201.78
843,Jada,Harmstone,jharmstonene@illinois.edu,Female,221.125.174.94
844,Ddene,Finnimore,dfinnimorenf@dell.com,Female,208.112.85.216
845,Melicent,Gelletly,mgelletlyng@arizona.edu,Female,170.16.73.242
846,Ewen,Pampling,epamplingnh@marketwatch.com,Male,134.214.54.221
847,Dannie,Lydon,dlydonni@pcworld.com,Female,81.159.94.197
848,Janet,Prate,jpratenj@reddit.com,Female,130.230.18.22
849,Hadria,Fallow,hfallownk@miitbeian.gov.cn,Female,201.216.89.57
850,Lexis,Diprose,ldiprosenl@phpbb.com,Female,234.244.110.42
851,Nina,Blazynski,nblazynskinm@gnu.org,Female,24.234.133.104
852,Brittaney,Dootson,bdootsonnn@jimdo.com,Non-binary,177.218.243.25
853,Doug,Jaher,djaherno@infoseek.co.jp,Male,32.145.128.9
854,Urbanus,Quarton,uquartonnp@ycombinator.com,Male,101.223.211.74
855,Kyrstin,Brinsford,kbrinsfordnq@nba.com,Female,227.170.9.249
856,Opal,Wathall,owathallnr@berkeley.edu,Female,14.217.17.50
857,Justis,Rimmer,jrimmerns@reddit.com,Male,175.14.131.156
858,Corny,Bernhardt,cbernhardtnt@nationalgeographic.com,Male,0.167.74.7
859,Woody,Harle,wharlenu@linkedin.com,Male,176.79.13.189
860,Raymund,Knott,rknottnv@deviantart.com,Male,103.69.55.32
861,Jarrad,Selliman,jsellimannw@umich.edu,Agender,152.55.213.198
862,Anna-diane,Broddle,abroddlenx@soundcloud.com,Female,0.56.25.106
863,Giffard,Amerighi,gamerighiny@gizmodo.com,Male,107.124.156.152
864,Rockwell,O'Bruen,robruennz@cargocollective.com,Male,104.163.197.102
865,Pier,Weatherup,pweatherupo0@chronoengine.com,Female,136.40.243.158
866,Sella,Shera,ssherao1@bravesites.com,Bigender,251.235.246.242
867,Meggy,Lomasny,mlomasnyo2@pen.io,Genderfluid,224.108.4.177
868,Dareen,Faltin,dfaltino3@goodreads.com,Female,84.20.12.152
869,Galina,Dawdary,gdawdaryo4@blog.com,Female,193.40.199.192
870,Aeriel,Shitliff,ashitliffo5@cyberchimps.com,Female,33.248.37.100
871,Mabel,Antonignetti,mantonignettio6@shutterfly.com,Female,126.235.232.164
872,Jase,Burthom,jburthomo7@hhs.gov,Male,63.129.210.37
873,Ethan,Hancke,ehanckeo8@sbwire.com,Male,138.8.79.8
874,Shelden,Knowlman,sknowlmano9@mapy.cz,Male,237.190.78.144
875,Hope,Gheorghie,hgheorghieoa@businessweek.com,Female,94.207.151.137
876,Jimmie,Scroggins,jscrogginsob@shutterfly.com,Male,228.55.142.52
877,Jeramey,Floyd,jfloydoc@yolasite.com,Male,254.89.92.204
878,Gayelord,Krugmann,gkrugmannod@homestead.com,Male,225.99.172.58
879,Isis,Kerin,ikerinoe@w3.org,Female,144.240.228.71
880,Ambur,Scambler,ascamblerof@so-net.ne.jp,Female,201.149.74.208
881,Effie,Ottee,eotteeog@ted.com,Female,150.117.90.204
882,Dennie,Dornin,ddorninoh@seattletimes.com,Male,174.113.0.191
883,Ronald,Lunam,rlunamoi@joomla.org,Male,228.172.67.215
884,Candis,Bridat,cbridatoj@ted.com,Female,115.95.181.32
885,Martguerita,Porter,mporterok@infoseek.co.jp,Female,57.160.183.211
886,Samantha,Glenny,sglennyol@liveinternet.ru,Female,198.185.38.74
887,Maury,Tarry,mtarryom@trellian.com,Male,183.80.222.4
888,Joey,Tuer,jtueron@google.ru,Female,227.116.253.192
889,Gardner,Turgoose,gturgooseoo@techcrunch.com,Male,68.252.177.222
890,Stanley,Poskitt,sposkittop@opensource.org,Male,170.113.209.180
891,Pearl,Godbert,pgodbertoq@irs.gov,Female,95.160.148.116
892,Willamina,Huffadine,whuffadineor@yellowbook.com,Female,27.26.254.175
893,Letizia,Menlove,lmenloveos@thetimes.co.uk,Genderqueer,75.141.104.23
894,Kin,Staterfield,kstaterfieldot@businessweek.com,Male,175.6.203.233
895,Riley,Ferro,rferroou@microsoft.com,Male,37.58.143.64
896,Rubin,Bowgen,rbowgenov@upenn.edu,Male,193.43.139.135
897,Ben,Bonnick,bbonnickow@4shared.com,Male,245.252.187.241
898,Hendrika,Mulholland,hmulhollandox@go.com,Female,175.58.137.103
899,Pall,Wilkennson,pwilkennsonoy@omniture.com,Male,154.9.107.244
900,Thornie,Champkin,tchampkinoz@intel.com,Male,200.207.171.153
901,Ashley,Gamell,agamellp0@nasa.gov,Female,75.209.210.212
902,Abran,Moorwood,amoorwoodp1@gov.uk,Agender,127.177.126.197
903,Sindee,Buttle,sbuttlep2@indiatimes.com,Genderfluid,62.55.214.62
904,Collette,Norcliff,cnorcliffp3@sina.com.cn,Female,210.66.44.67
905,Gwyn,Hetterich,ghetterichp4@yale.edu,Female,44.238.27.70
906,Dar,Longega,dlongegap5@clickbank.net,Male,126.70.117.21
907,Kermit,Elland,kellandp6@youtube.com,Male,1.71.207.27
908,Borg,Tompkinson,btompkinsonp7@vimeo.com,Male,142.34.183.168
909,Othelia,Sollime,osollimep8@dailymail.co.uk,Female,225.60.250.170
910,Mordecai,Paradis,mparadisp9@sfgate.com,Male,24.206.196.95
911,Terence,Knappe,tknappepa@fastcompany.com,Male,0.199.98.136
912,Hernando,Dionisetto,hdionisettopb@webs.com,Male,100.94.54.8
913,Bryn,Danielli,bdaniellipc@adobe.com,Male,52.63.71.81
914,Jacky,Doblin,jdoblinpd@cocolog-nifty.com,Female,117.204.92.119
915,Kendal,Dmitrievski,kdmitrievskipe@earthlink.net,Male,138.126.213.232
916,Maybelle,Grimbaldeston,mgrimbaldestonpf@vinaora.com,Female,226.10.105.203
917,Marve,Aleksashin,maleksashinpg@nature.com,Male,58.56.55.94
918,Ezekiel,Grellier,egrellierph@linkedin.com,Male,145.12.37.215
919,Tobit,Scahill,tscahillpi@businessweek.com,Male,202.190.244.10
920,Riobard,Foxon,rfoxonpj@google.de,Male,104.119.244.240
921,Sabra,Wrathall,swrathallpk@yelp.com,Female,47.136.254.14
922,Wheeler,Aspinal,waspinalpl@behance.net,Male,206.57.143.176
923,Violetta,Dmiterko,vdmiterkopm@who.int,Female,101.172.217.99
924,Kippar,Jago,kjagopn@nsw.gov.au,Male,240.98.191.1
925,Linette,Organ,lorganpo@washingtonpost.com,Female,241.113.203.160
926,Violette,Shopcott,vshopcottpp@walmart.com,Female,177.64.240.68
927,Erv,Bridgewood,ebridgewoodpq@ucsd.edu,Male,97.7.80.228
928,Cecelia,Hedgeman,chedgemanpr@yandex.ru,Genderfluid,123.165.150.11
929,Nessa,Shortall,nshortallps@dion.ne.jp,Female,183.120.191.212
930,Marlane,Cordet,mcordetpt@topsy.com,Female,87.219.79.160
931,Veronica,Sacks,vsackspu@cocolog-nifty.com,Female,57.12.68.147
932,Essie,Talloe,etalloepv@constantcontact.com,Female,1.65.209.138
933,Sauncho,Brilon,sbrilonpw@slashdot.org,Male,202.26.145.40
934,Roanna,Ingley,ringleypx@spotify.com,Female,88.157.166.47
935,Clary,Brotherheed,cbrotherheedpy@spiegel.de,Female,40.157.62.161
936,Gusella,MacBain,gmacbainpz@xrea.com,Female,18.96.174.8
937,Lauren,Fasham,lfashamq0@soup.io,Female,225.254.166.100
938,Hall,Renton,hrentonq1@quantcast.com,Male,24.54.140.96
939,Diego,Robertshaw,drobertshawq2@phpbb.com,Polygender,92.97.219.15
940,Alley,Figgins,afigginsq3@example.com,Male,115.79.51.96
941,Konstantin,Ladbury,kladburyq4@vimeo.com,Male,30.164.184.24
942,Bettine,Mollison,bmollisonq5@smugmug.com,Female,77.91.92.23
943,Carola,Goldthorpe,cgoldthorpeq6@disqus.com,Female,69.33.199.64
944,Brannon,Stoll,bstollq7@hatena.ne.jp,Male,195.215.105.11
945,Cory,Schenfisch,cschenfischq8@blogspot.com,Female,113.116.132.76
946,Fleming,Frampton,fframptonq9@oaic.gov.au,Male,64.143.40.126
947,Olag,Hartlebury,ohartleburyqa@tripadvisor.com,Male,18.227.35.127
948,Mitchel,Toal,mtoalqb@hc360.com,Male,137.133.6.216
949,Alwin,Libri,alibriqc@cam.ac.uk,Male,198.69.33.168
950,Mala,Scholfield,mscholfieldqd@xinhuanet.com,Female,41.164.219.198
951,Bail,Woolard,bwoolardqe@cbsnews.com,Male,88.191.21.36
952,Fayth,Drohane,fdrohaneqf@reference.com,Female,41.91.184.28
953,Zita,Hague,zhagueqg@arizona.edu,Female,178.43.40.209
954,Grazia,Stockney,gstockneyqh@t.co,Female,99.204.150.244
955,Augustine,Gebbe,agebbeqi@sohu.com,Male,214.93.22.214
956,Fitzgerald,Dymidowicz,fdymidowiczqj@123-reg.co.uk,Male,173.97.237.28
957,Estevan,McLese,emcleseqk@twitter.com,Male,130.242.28.24
958,Nat,Mathan,nmathanql@about.com,Male,207.250.202.184
959,Cobbie,Klimov,cklimovqm@live.com,Male,180.60.8.59
960,Garv,Drummond,gdrummondqn@virginia.edu,Male,208.13.115.9
961,Klara,Badini,kbadiniqo@pagesperso-orange.fr,Female,38.210.32.191
962,Florence,Wheway,fwhewayqp@apache.org,Female,202.150.20.22
963,Hermia,Wyeth,hwyethqq@psu.edu,Female,53.248.238.41
964,Katharine,Hearnaman,khearnamanqr@storify.com,Female,150.187.45.69
965,Fayre,Maingot,fmaingotqs@g.co,Female,198.242.21.74
966,Wren,Lode,wlodeqt@statcounter.com,Female,120.73.236.235
967,Antonella,Hurdwell,ahurdwellqu@cbsnews.com,Female,134.135.132.64
968,Carrissa,Rogeon,crogeonqv@arizona.edu,Female,32.216.137.16
969,Thorstein,Pratte,tpratteqw@comcast.net,Male,64.74.233.154
970,Thorvald,Schober,tschoberqx@google.nl,Male,141.29.208.224
971,Karolina,Trevance,ktrevanceqy@weebly.com,Female,48.169.113.47
972,Dacy,Rothman,drothmanqz@infoseek.co.jp,Female,210.67.75.185
973,Keith,Barry,kbarryr0@yellowbook.com,Male,89.158.199.194
974,Konrad,Adolfsen,kadolfsenr1@apple.com,Male,142.95.217.127
975,Glad,Fearnyhough,gfearnyhoughr2@guardian.co.uk,Female,144.121.246.64
976,De witt,Lindwasser,dlindwasserr3@narod.ru,Male,62.221.227.221
977,Leanora,Schohier,lschohierr4@livejournal.com,Female,130.77.161.124
978,Marji,Lauderdale,mlauderdaler5@usatoday.com,Female,250.81.133.42
979,Almire,Tonry,atonryr6@booking.com,Female,253.138.57.238
980,Trip,Handman,thandmanr7@dion.ne.jp,Male,145.22.8.188
981,Maurise,Kleinhandler,mkleinhandlerr8@wikipedia.org,Male,15.188.103.207
982,Shaylah,Stredwick,sstredwickr9@creativecommons.org,Female,114.167.238.164
983,Marion,Leemans,mleemansra@lycos.com,Female,119.70.166.114
984,Korey,Mulbry,kmulbryrb@acquirethisname.com,Male,14.121.137.19
985,Yanaton,MacNockater,ymacnockaterrc@goodreads.com,Male,21.117.35.128
986,Smitty,Colafate,scolafaterd@g.co,Male,171.46.71.139
987,Kerri,MacGill,kmacgillre@tmall.com,Female,71.24.110.221
988,Devina,Gapper,dgapperrf@bizjournals.com,Female,37.139.226.227
989,Ines,Fludder,ifludderrg@odnoklassniki.ru,Female,134.52.11.96
990,Cliff,Shmyr,cshmyrrh@independent.co.uk,Male,31.140.55.85
991,Sherri,Sowden,ssowdenri@istockphoto.com,Genderfluid,201.131.221.244
992,Karlis,Durbyn,kdurbynrj@independent.co.uk,Male,182.160.245.54
993,Mattias,Szapiro,mszapirork@prweb.com,Bigender,177.157.240.15
994,Major,Dauncey,mdaunceyrl@virginia.edu,Male,63.30.90.206
995,Audry,Lumbers,alumbersrm@ted.com,Female,45.17.12.34
996,Fritz,Pietron,fpietronrn@umn.edu,Polygender,224.78.132.27
997,Prue,Camous,pcamousro@hubpages.com,Female,221.92.158.76
998,Tallulah,McBeith,tmcbeithrp@oaic.gov.au,Female,17.147.199.166
999,Bobbi,Fairley,bfairleyrq@bizjournals.com,Female,57.192.182.239
1000,Meriel,Clearley,mclearleyrr@g.co,Female,60.58.222.19
